1,DR.NO,1962,SEAN CONNERY,Terence Young,59.5,$59.5 Million
2,FROM RUSSIA WITH LOVE,1963,SEAN CONNERY,Terence Young,78.9,$79 Million
3,GOLD FINGER,1964,SEAN CONNERY,Guy Hamilton,124.9,$125 Million
4,THUNDER BALL,1965,SEAN CONNERY,Terence Young,141.2,$141 Million
5,YOU ONLY LIVE TWICE,1967,SEAN CONNERY,Lewis Gilbert,111.6,$112 Million
6,ON HER MAJESTY SERVICE,1967,GEORGE LAZENBY,Peter R.hunt,64.6,$65 Million
7,DIAMONDS ARE FOREVER,1971,SEAN CONNERY,Guy Hamilton,116,$116 Million
8,LIVE AND LET DIE,1973,ROGER MOORE,Guy Hamilton,126.4,$126 Million
9,THE MAN WITH THE GOLDEN GUN,1974,ROGER MOORE,Guy Hamilton,97.6,$98 Million
10,THE SPAY WHO LOVED ME,1977,ROGER MOORE,Lewis Gilbert,185.4,$185 Million
11,MOONRAKER,1979,ROGER MOORE,Lewis Gilbert,210.3,$210 Million
12,FOR YOUR EYES ONLY,1981,ROGER MOORE,John Glen,194.9,$195 Million
13,OCTOPUSSY,1983,ROGER MOORE,John Glen,183.7,$184 Million
14,NEVER SAY NEVER AGAIN,1983,SEAN CONNERY,Irvin Kershner,160,$160 Million
15,A VIEW TO KILL,1985,ROGER MOORE,John Glen,152.4,$152 Million
16,THE LIVING LIGHT DAYS,1987,TIMOTHY DALTON,John Glen,156.2,$156 Million
17,LICENSE TO KILL,1989,TIMOTHY DALTON,John Glen,191.2,$191 Million
18,GOLDENEYE,1995,PIERCE BROSNAN,Martin Campbell,352,$352 Million
19,TOMORROW NEVER DIES,1997,PIERCE BROSNAN,Roger Spottiswoode,333,$333 Million
20,THE WORLD IS NOT ENOUGH,1999,PIERCE BROSNAN,Michael Apted,361.8,$361.8 Million
21,DIE ANOTHER DAY,2002,PIERCE BROSNAN,Lee Tamahon,432,$432 Million
22,CASINO ROYALE,2006,DANIEL CRAIG,Martin Campbell,594.2,$594 Million
23,QUANTUM OF SOLACE,2008,DANIEL CRAIG,Marc Forster,586.1,$586 Million
24,SKYFALL,2012,DANIEL CRAIG,Sam Mendes,1108.6,$1.1 Billion
25,SPECTRE,2015,DANIEL CRAIG,Sam Mendes,880.7,880.7 Million
26,NO TIME TO DIE,2021,DANIEL CRAIG,Cary Joji Fukunaga,null,Not available
